{
  "v": "4.6.9",
  "fr": 30,
  "ip": 0,
  "op": 45,
  "w": 200,
  "h": 200,
  "nm": "Composition 1",
  "ddd": 0,
  "assets": [],
  "layers": [
    {
      "ddd": 0,
      "ind": 0,
      "ty": 4,
      "nm": "LFCalque de forme 2",
      "ks": {
        "o": {
          "a": 0,
          "k": 100
        },
        "r": {
          "a": 1,
          "k": [
            {
              "i": {
                "x": [
                  0.833
                ],
                "y": [
                  0.833
                ]
              },
              "o": {
                "x": [
                  1
                ],
                "y": [
                  0
                ]
              },
              "n": [
                "0p833_0p833_1_0"
              ],
              "t": 0,
              "s": [
                0
              ],
              "e": [
                360
              ]
            },
            {
              "i": {
                "x": [
                  0
                ],
                "y": [
                  1
                ]
              },
              "o": {
                "x": [
                  0.167
                ],
                "y": [
                  0.167
                ]
              },
              "n": [
                "0_1_0p167_0p167"
              ],
              "t": 15,
              "s": [
                360
              ],
              "e": [
                510
              ]
            },
            {
              "t": 34
            }
          ]
        },
        "p": {
          "a": 0,
          "k": [
            100,
            100,
            0
          ]
        },
        "a": {
          "a": 0,
          "k": [
            -93.098,
            -93.098,
            0
          ]
        },
        "s": {
          "a": 0,
          "k": [
            80,
            80,
            100
          ]
        }
      },
      "ao": 0,
      "shapes": [
        {
          "ty": "gr",
          "it": [
            {
              "ind": 0,
              "ty": "sh",
              "ix": 1,
              "ks": {
                "a": 0,
                "k": {
                  "i": [
                    [
                      55.228,
                      0
                    ],
                    [
                      0,
                      -55.228
                    ],
                    [
                      -55.228,
                      0
                    ],
                    [
                      0,
                      55.228
                    ]
                  ],
                  "o": [
                    [
                      -55.228,
                      0
                    ],
                    [
                      0,
                      55.228
                    ],
                    [
                      55.228,
                      0
                    ],
                    [
                      0,
                      -55.228
                    ]
                  ],
                  "v": [
                    [
                      0,
                      -100
                    ],
                    [
                      -100,
                      0
                    ],
                    [
                      0,
                      100
                    ],
                    [
                      100,
                      0
                    ]
                  ],
                  "c": true
                }
              },
              "nm": "Tracé 1",
              "mn": "ADBE Vector Shape - Group"
            },
            {
              "ty": "tm",
              "s": {
                "a": 1,
                "k": [
                  {
                    "i": {
                      "x": [
                        0
                      ],
                      "y": [
                        1
                      ]
                    },
                    "o": {
                      "x": [
                        0.167
                      ],
                      "y": [
                        0.167
                      ]
                    },
                    "n": [
                      "0_1_0p167_0p167"
                    ],
                    "t": 23,
                    "s": [
                      100
                    ],
                    "e": [
                      42
                    ]
                  },
                  {
                    "t": 45
                  }
                ],
                "ix": 1
              },
              "e": {
                "a": 1,
                "k": [
                  {
                    "i": {
                      "x": [
                        0.833
                      ],
                      "y": [
                        0.833
                      ]
                    },
                    "o": {
                      "x": [
                        0.167
                      ],
                      "y": [
                        0.167
                      ]
                    },
                    "n": [
                      "0p833_0p833_0p167_0p167"
                    ],
                    "t": 0,
                    "s": [
                      98
                    ],
                    "e": [
                      98
                    ]
                  },
                  {
                    "i": {
                      "x": [
                        0.833
                      ],
                      "y": [
                        0.833
                      ]
                    },
                    "o": {
                      "x": [
                        0.167
                      ],
                      "y": [
                        0.167
                      ]
                    },
                    "n": [
                      "0p833_0p833_0p167_0p167"
                    ],
                    "t": 6,
                    "s": [
                      98
                    ],
                    "e": [
                      60
                    ]
                  },
                  {
                    "i": {
                      "x": [
                        0.833
                      ],
                      "y": [
                        0.833
                      ]
                    },
                    "o": {
                      "x": [
                        0.167
                      ],
                      "y": [
                        0.167
                      ]
                    },
                    "n": [
                      "0p833_0p833_0p167_0p167"
                    ],
                    "t": 13,
                    "s": [
                      60
                    ],
                    "e": [
                      40
                    ]
                  },
                  {
                    "t": 23
                  }
                ],
                "ix": 2
              },
              "o": {
                "a": 0,
                "k": 0,
                "ix": 3
              },
              "m": 1,
              "ix": 2,
              "nm": "Raccorder les tracés 1",
              "mn": "ADBE Vector Filter - Trim"
            },
            {
              "ty": "st",
              "c": {
                "a": 0,
                "k": [
                  1,
                  1,
                  1,
                  1
                ]
              },
              "o": {
                "a": 0,
                "k": 100
              },
              "w": {
                "a": 0,
                "k": 5
              },
              "lc": 2,
              "lj": 2,
              "nm": "Contour 1",
              "mn": "ADBE Vector Graphic - Stroke"
            },
            {
              "ty": "tr",
              "p": {
                "a": 0,
                "k": [
                  -93.098,
                  -93.098
                ],
                "ix": 2
              },
              "a": {
                "a": 0,
                "k": [
                  0,
                  0
                ],
                "ix": 1
              },
              "s": {
                "a": 0,
                "k": [
                  100,
                  100
                ],
                "ix": 3
              },
              "r": {
                "a": 0,
                "k": 0,
                "ix": 6
              },
              "o": {
                "a": 0,
                "k": 100,
                "ix": 7
              },
              "sk": {
                "a": 0,
                "k": 0,
                "ix": 4
              },
              "sa": {
                "a": 0,
                "k": 0,
                "ix": 5
              },
              "nm": "Transformer "
            }
          ],
          "nm": "Ellipse 1",
          "np": 3,
          "cix": 2,
          "ix": 1,
          "mn": "ADBE Vector Group"
        }
      ],
      "ip": 0,
      "op": 45,
      "st": 0,
      "bm": 0,
      "sr": 1
    }
  ],
  "chars": [],
  "markers": []
}