{"v":"5.1.1","fr":25,"ip":0,"op":124,"w":600,"h":600,"nm":"ComposiÃ§Ã£o 1","ddd":0,"assets":[],"layers":[{"ddd":0,"ind":1,"ty":4,"nm":"cloudy9 contornos","sr":1,"ks":{"o":{"a":0,"k":100,"ix":11},"r":{"a":0,"k":0,"ix":10},"p":{"a":1,"k":[{"i":{"x":0.6,"y":1},"o":{"x":0.32,"y":0.94},"n":"0p6_1_0p32_0p94","t":0,"s":[839,380,0],"e":[314,380,0],"to":[-65.786979675293,0,0],"ti":[1.66666662693024,0,0]},{"i":{"x":0.6,"y":1},"o":{"x":0.32,"y":0},"n":"0p6_1_0p32_0","t":31,"s":[314,380,0],"e":[314,380,0],"to":[-1.66666662693024,0,0],"ti":[1.66666662693024,0,0]},{"i":{"x":0.6,"y":1},"o":{"x":0.32,"y":0},"n":"0p6_1_0p32_0","t":68,"s":[314,380,0],"e":[-316,380,0],"to":[-1.66666662693024,0,0],"ti":[1.5,0,0]},{"t":100}],"ix":2},"a":{"a":0,"k":[229,127.5,0],"ix":1},"s":{"a":0,"k":[100,100,100],"ix":6}},"ao":0,"shapes":[{"ty":"gr","it":[{"ind":0,"ty":"sh","ix":1,"ks":{"a":0,"k":{"i":[[56.238,0],[9.567,-2.95],[5.365,6.974],[26.645,0],[9.03,-35.942],[12.964,0],[8.315,-4.828],[0,-21.19],[-2.771,-6.616],[5.901,0],[0,-35.138],[-35.138,0],[0,0],[0,56.238]],"o":[[-10.461,0],[-2.951,-8.494],[-15.111,-19.581],[-38.713,0],[-9.567,-7.242],[-10.372,0],[-17.167,9.835],[0,7.689],[-5.454,-1.519],[-35.138,0],[0,35.137],[0,0],[56.149,0],[0,-56.06]],"v":[[127.14,-76.266],[97.01,-71.707],[84.402,-94.953],[19.044,-127.14],[-61.066,-64.554],[-95.4,-76.266],[-123.833,-68.667],[-152.622,-19.045],[-148.331,2.592],[-165.318,-0.001],[-228.889,63.57],[-165.318,127.14],[127.14,127.14],[228.889,25.392]],"c":true},"ix":2},"nm":"Caminho 1","mn":"ADBE Vector Shape - Group","hd":false},{"ty":"mm","mm":4,"nm":"Mesclar caminhos 1","mn":"ADBE Vector Filter - Merge","hd":false},{"ty":"fl","c":{"a":0,"k":[1,1,1,1],"ix":4},"o":{"a":0,"k":100,"ix":5},"r":1,"nm":"Preenchimento 1","mn":"ADBE Vector Graphic - Fill","hd":false},{"ty":"tr","p":{"a":0,"k":[228.889,127.86],"ix":2},"a":{"a":0,"k":[0,0],"ix":1},"s":{"a":0,"k":[100,100],"ix":3},"r":{"a":0,"k":0,"ix":6},"o":{"a":0,"k":100,"ix":7},"sk":{"a":0,"k":0,"ix":4},"sa":{"a":0,"k":0,"ix":5},"nm":"Transformar"}],"nm":"Grupo 1","np":3,"cix":2,"ix":1,"mn":"ADBE Vector Group","hd":false}],"ip":0,"op":125,"st":0,"bm":0},{"ddd":0,"ind":3,"ty":4,"nm":"cloudy contornos","sr":1,"ks":{"o":{"a":0,"k":100,"ix":11},"r":{"a":1,"k":[{"i":{"x":[0.833],"y":[0.833]},"o":{"x":[0.167],"y":[0.167]},"n":["0p833_0p833_0p167_0p167"],"t":0,"s":[252],"e":[612]},{"t":124}],"ix":10},"p":{"a":0,"k":[300,300,0],"ix":2},"a":{"a":0,"k":[230.5,232,0],"ix":1},"s":{"a":0,"k":[82.646,82.646,100],"ix":6}},"ao":0,"shapes":[{"ty":"gr","it":[{"ind":0,"ty":"sh","ix":1,"ks":{"a":0,"k":{"i":[[0,-71.497],[71.497,0],[0,71.497],[-71.497,0]],"o":[[0,71.497],[-71.497,0],[0,-71.497],[71.497,0]],"v":[[129.457,0],[0,129.457],[-129.457,0],[0,-129.457]],"c":true},"ix":2},"nm":"Caminho 1","mn":"ADBE Vector Shape - Group","hd":false},{"ty":"fl","c":{"a":0,"k":[0.999478448606,0.809922222063,0.074913309135,1],"ix":4},"o":{"a":0,"k":100,"ix":5},"r":1,"nm":"Preenchimento 1","mn":"ADBE Vector Graphic - Fill","hd":false},{"ty":"tr","p":{"a":0,"k":[230.039,232],"ix":2},"a":{"a":0,"k":[0,0],"ix":1},"s":{"a":0,"k":[100,100],"ix":3},"r":{"a":0,"k":0,"ix":6},"o":{"a":0,"k":100,"ix":7},"sk":{"a":0,"k":0,"ix":4},"sa":{"a":0,"k":0,"ix":5},"nm":"Transformar"}],"nm":"Grupo 1","np":2,"cix":2,"ix":1,"mn":"ADBE Vector Group","hd":false},{"ty":"gr","it":[{"ind":0,"ty":"sh","ix":1,"ks":{"a":0,"k":{"i":[[0,0],[20.33,-20.329],[0,0],[0,0],[-20.329,20.329],[0,0]],"o":[[0,0],[-20.329,20.329],[0,0],[0,0],[20.329,-20.329],[0,0]],"v":[[30.492,-10.164],[30.492,30.494],[-10.165,30.494],[-30.494,10.165],[-30.494,-30.493],[10.163,-30.493]],"c":true},"ix":2},"nm":"Caminho 1","mn":"ADBE Vector Shape - Group","hd":false},{"ty":"fl","c":{"a":0,"k":[0.999478448606,0.809922222063,0.074913309135,1],"ix":4},"o":{"a":0,"k":100,"ix":5},"r":1,"nm":"Preenchimento 1","mn":"ADBE Vector Graphic - Fill","hd":false},{"ty":"tr","p":{"a":0,"k":[377.5,366.856],"ix":2},"a":{"a":0,"k":[0,0],"ix":1},"s":{"a":0,"k":[100,100],"ix":3},"r":{"a":0,"k":0,"ix":6},"o":{"a":0,"k":100,"ix":7},"sk":{"a":0,"k":0,"ix":4},"sa":{"a":0,"k":0,"ix":5},"nm":"Transformar"}],"nm":"Grupo 2","np":2,"cix":2,"ix":2,"mn":"ADBE Vector Group","hd":false},{"ty":"gr","it":[{"ind":0,"ty":"sh","ix":1,"ks":{"a":0,"k":{"i":[[20.329,20.328],[0,0],[0,0],[-20.329,-20.329],[0,0],[0,0]],"o":[[-20.329,-20.329],[0,0],[0,0],[20.329,20.328],[0,0],[0,0]],"v":[[-30.493,30.493],[-30.493,-10.164],[-10.165,-30.493],[30.493,-30.493],[30.493,10.165],[10.164,30.493]],"c":true},"ix":2},"nm":"Caminho 1","mn":"ADBE Vector Shape - Group","hd":false},{"ty":"fl","c":{"a":0,"k":[0.999478448606,0.809922222063,0.074913309135,1],"ix":4},"o":{"a":0,"k":100,"ix":5},"r":1,"nm":"Preenchimento 1","mn":"ADBE Vector Graphic - Fill","hd":false},{"ty":"tr","p":{"a":0,"k":[82.58,366.957],"ix":2},"a":{"a":0,"k":[0,0],"ix":1},"s":{"a":0,"k":[100,100],"ix":3},"r":{"a":0,"k":0,"ix":6},"o":{"a":0,"k":100,"ix":7},"sk":{"a":0,"k":0,"ix":4},"sa":{"a":0,"k":0,"ix":5},"nm":"Transformar"}],"nm":"Grupo 3","np":2,"cix":2,"ix":3,"mn":"ADBE Vector Group","hd":false},{"ty":"gr","it":[{"ind":0,"ty":"sh","ix":1,"ks":{"a":0,"k":{"i":[[0,0],[0,0],[-28.724,0],[0,0],[0,0],[28.723,0]],"o":[[0,0],[0,0],[28.723,0],[0,0],[0,0],[-28.724,0]],"v":[[-28.724,14.361],[-28.724,-14.361],[0,-43.085],[28.724,-14.361],[28.724,14.361],[0,43.085]],"c":true},"ix":2},"nm":"Caminho 1","mn":"ADBE Vector Shape - Group","hd":false},{"ty":"fl","c":{"a":0,"k":[0.999478448606,0.809922222063,0.074913309135,1],"ix":4},"o":{"a":0,"k":100,"ix":5},"r":1,"nm":"Preenchimento 1","mn":"ADBE Vector Graphic - Fill","hd":false},{"ty":"tr","p":{"a":0,"k":[229.988,420.915],"ix":2},"a":{"a":0,"k":[0,0],"ix":1},"s":{"a":0,"k":[100,100],"ix":3},"r":{"a":0,"k":0,"ix":6},"o":{"a":0,"k":100,"ix":7},"sk":{"a":0,"k":0,"ix":4},"sa":{"a":0,"k":0,"ix":5},"nm":"Transformar"}],"nm":"Grupo 4","np":2,"cix":2,"ix":4,"mn":"ADBE Vector Group","hd":false},{"ty":"gr","it":[{"ind":0,"ty":"sh","ix":1,"ks":{"a":0,"k":{"i":[[0,0],[20.33,20.329],[0,0],[0,0],[-20.329,-20.329],[0,0]],"o":[[0,0],[-20.329,-20.329],[0,0],[0,0],[20.329,20.328],[0,0]],"v":[[30.492,10.165],[30.492,-30.493],[-10.165,-30.493],[-30.494,-10.164],[-30.494,30.494],[10.163,30.494]],"c":true},"ix":2},"nm":"Caminho 1","mn":"ADBE Vector Shape - Group","hd":false},{"ty":"fl","c":{"a":0,"k":[0.999478448606,0.809922222063,0.074913309135,1],"ix":4},"o":{"a":0,"k":100,"ix":5},"r":1,"nm":"Preenchimento 1","mn":"ADBE Vector Graphic - Fill","hd":false},{"ty":"tr","p":{"a":0,"k":[377.5,97.143],"ix":2},"a":{"a":0,"k":[0,0],"ix":1},"s":{"a":0,"k":[100,100],"ix":3},"r":{"a":0,"k":0,"ix":6},"o":{"a":0,"k":100,"ix":7},"sk":{"a":0,"k":0,"ix":4},"sa":{"a":0,"k":0,"ix":5},"nm":"Transformar"}],"nm":"Grupo 5","np":2,"cix":2,"ix":5,"mn":"ADBE Vector Group","hd":false},{"ty":"gr","it":[{"ind":0,"ty":"sh","ix":1,"ks":{"a":0,"k":{"i":[[20.329,-20.329],[0,0],[0,0],[-20.329,20.328],[0,0],[0,0]],"o":[[-20.329,20.329],[0,0],[0,0],[20.329,-20.329],[0,0],[0,0]],"v":[[-30.493,-30.493],[-30.493,10.165],[-10.165,30.494],[30.493,30.494],[30.493,-10.164],[10.164,-30.493]],"c":true},"ix":2},"nm":"Caminho 1","mn":"ADBE Vector Shape - Group","hd":false},{"ty":"fl","c":{"a":0,"k":[0.999478448606,0.809922222063,0.074913309135,1],"ix":4},"o":{"a":0,"k":100,"ix":5},"r":1,"nm":"Preenchimento 1","mn":"ADBE Vector Graphic - Fill","hd":false},{"ty":"tr","p":{"a":0,"k":[82.58,97.042],"ix":2},"a":{"a":0,"k":[0,0],"ix":1},"s":{"a":0,"k":[100,100],"ix":3},"r":{"a":0,"k":0,"ix":6},"o":{"a":0,"k":100,"ix":7},"sk":{"a":0,"k":0,"ix":4},"sa":{"a":0,"k":0,"ix":5},"nm":"Transformar"}],"nm":"Grupo 6","np":2,"cix":2,"ix":6,"mn":"ADBE Vector Group","hd":false},{"ty":"gr","it":[{"ind":0,"ty":"sh","ix":1,"ks":{"a":0,"k":{"i":[[0,0],[0,0],[0,28.723],[0,0],[0,0],[0,-28.723]],"o":[[0,0],[0,0],[0,-28.723],[0,0],[0,0],[-0.101,28.723]],"v":[[-14.463,28.723],[14.362,28.723],[43.085,0],[14.362,-28.723],[-14.362,-28.723],[-43.085,0]],"c":true},"ix":2},"nm":"Caminho 1","mn":"ADBE Vector Shape - Group","hd":false},{"ty":"mm","mm":4,"nm":"Mesclar caminhos 1","mn":"ADBE Vector Filter - Merge","hd":false},{"ty":"fl","c":{"a":0,"k":[0.999478448606,0.809922222063,0.074913309135,1],"ix":4},"o":{"a":0,"k":100,"ix":5},"r":1,"nm":"Preenchimento 1","mn":"ADBE Vector Graphic - Fill","hd":false},{"ty":"tr","p":{"a":0,"k":[43.085,230.191],"ix":2},"a":{"a":0,"k":[0,0],"ix":1},"s":{"a":0,"k":[100,100],"ix":3},"r":{"a":0,"k":0,"ix":6},"o":{"a":0,"k":100,"ix":7},"sk":{"a":0,"k":0,"ix":4},"sa":{"a":0,"k":0,"ix":5},"nm":"Transformar"}],"nm":"Grupo 7","np":3,"cix":2,"ix":7,"mn":"ADBE Vector Group","hd":false},{"ty":"gr","it":[{"ind":0,"ty":"sh","ix":1,"ks":{"a":0,"k":{"i":[[0,0],[0,0],[0,28.723],[0,0],[0,0],[0,-28.723]],"o":[[0,0],[0,0],[0,-28.723],[0,0],[0,0],[0,28.723]],"v":[[-14.361,28.723],[14.363,28.723],[43.085,0],[14.363,-28.723],[-14.361,-28.723],[-43.085,0]],"c":true},"ix":2},"nm":"Caminho 1","mn":"ADBE Vector Shape - Group","hd":false},{"ty":"fl","c":{"a":0,"k":[0.999478448606,0.809922222063,0.074913309135,1],"ix":4},"o":{"a":0,"k":100,"ix":5},"r":1,"nm":"Preenchimento 1","mn":"ADBE Vector Graphic - Fill","hd":false},{"ty":"tr","p":{"a":0,"k":[416.993,230.191],"ix":2},"a":{"a":0,"k":[0,0],"ix":1},"s":{"a":0,"k":[100,100],"ix":3},"r":{"a":0,"k":0,"ix":6},"o":{"a":0,"k":100,"ix":7},"sk":{"a":0,"k":0,"ix":4},"sa":{"a":0,"k":0,"ix":5},"nm":"Transformar"}],"nm":"Grupo 8","np":2,"cix":2,"ix":8,"mn":"ADBE Vector Group","hd":false},{"ty":"gr","it":[{"ind":0,"ty":"sh","ix":1,"ks":{"a":0,"k":{"i":[[0,0],[0,0],[-28.724,0],[0,0],[0,0],[28.723,0]],"o":[[0,0],[0,0],[28.723,0],[0,0],[0,0],[-28.724,0]],"v":[[-28.724,-14.362],[-28.724,14.362],[0,43.085],[28.724,14.362],[28.724,-14.362],[0,-43.085]],"c":true},"ix":2},"nm":"Caminho 1","mn":"ADBE Vector Shape - Group","hd":false},{"ty":"fl","c":{"a":0,"k":[0.999478448606,0.809922222063,0.074913309135,1],"ix":4},"o":{"a":0,"k":100,"ix":5},"r":1,"nm":"Preenchimento 1","mn":"ADBE Vector Graphic - Fill","hd":false},{"ty":"tr","p":{"a":0,"k":[229.988,43.085],"ix":2},"a":{"a":0,"k":[0,0],"ix":1},"s":{"a":0,"k":[100,100],"ix":3},"r":{"a":0,"k":0,"ix":6},"o":{"a":0,"k":100,"ix":7},"sk":{"a":0,"k":0,"ix":4},"sa":{"a":0,"k":0,"ix":5},"nm":"Transformar"}],"nm":"Grupo 9","np":2,"cix":2,"ix":9,"mn":"ADBE Vector Group","hd":false}],"ip":0,"op":125,"st":0,"bm":0}],"markers":[]}