{"v":"4.8.0","meta":{"g":"LottieFiles AE 3.1.1","a":"","k":"","d":"","tc":""},"fr":50,"ip":55,"op":717,"w":1920,"h":1080,"nm":"Comp 1","ddd":1,"assets":[],"layers":[{"ddd":1,"ind":1,"ty":4,"nm":"Layer 1 Outlines","sr":1,"ks":{"o":{"a":0,"k":100,"ix":11},"rx":{"a":0,"k":-73,"ix":8},"ry":{"a":0,"k":0,"ix":9},"rz":{"a":1,"k":[{"i":{"x":[0.833],"y":[0.833]},"o":{"x":[0.167],"y":[0.167]},"t":-86,"s":[0]},{"t":-71,"s":[-360]}],"ix":10,"x":"var $bm_rt;\n$bm_rt = loopOut();"},"or":{"a":0,"k":[0,0,0],"ix":7},"p":{"a":0,"k":[975.262,295.911,0],"ix":2},"a":{"a":0,"k":[621.805,702.041,0],"ix":1},"s":{"a":0,"k":[73,73,73],"ix":6}},"ao":0,"shapes":[{"ty":"gr","it":[{"ind":0,"ty":"sh","ix":1,"ks":{"a":0,"k":{"i":[[388.511,0],[16.574,-1.168],[0,-348.861],[365.298,0],[116.983,104.573],[-216.77,0],[0,388.512]],"o":[[-16.871,0],[342.478,25.012],[0,365.298],[-169.257,0],[129.041,154.166],[388.511,0],[0,-388.51]],"v":[[-81.905,-703.461],[-132.071,-701.66],[480.492,-42.03],[-180.937,619.399],[-621.555,451.221],[-81.905,703.461],[621.555,0]],"c":true},"ix":2},"nm":"Path 1","mn":"ADBE Vector Shape - Group","hd":false},{"ty":"fl","c":{"a":0,"k":[0.325490196078,0.650980392157,0.894117706897,1],"ix":4},"o":{"a":0,"k":100,"ix":5},"r":1,"bm":0,"nm":"Fill 1","mn":"ADBE Vector Graphic - Fill","hd":false},{"ty":"tr","p":{"a":0,"k":[621.805,703.711],"ix":2},"a":{"a":0,"k":[0,0],"ix":1},"s":{"a":0,"k":[100,100],"ix":3},"r":{"a":0,"k":0,"ix":6},"o":{"a":0,"k":100,"ix":7},"sk":{"a":0,"k":0,"ix":4},"sa":{"a":0,"k":0,"ix":5},"nm":"Transform"}],"nm":"Group 1","np":2,"cix":2,"bm":0,"ix":1,"mn":"ADBE Vector Group","hd":false}],"ip":-110,"op":1390,"st":-110,"bm":0},{"ddd":1,"ind":2,"ty":4,"nm":"Layer 1 Outlines 2","sr":1,"ks":{"o":{"a":0,"k":100,"ix":11},"rx":{"a":0,"k":-73,"ix":8},"ry":{"a":0,"k":0,"ix":9},"rz":{"a":1,"k":[{"i":{"x":[0.833],"y":[0.833]},"o":{"x":[0.167],"y":[0.167]},"t":30,"s":[0]},{"t":45,"s":[-360]}],"ix":10,"x":"var $bm_rt;\n$bm_rt = loopOut();"},"or":{"a":0,"k":[0,0,0],"ix":7},"p":{"a":0,"k":[977.136,395.528,0],"ix":2},"a":{"a":0,"k":[621.805,702.041,0],"ix":1},"s":{"a":0,"k":[54,54,54],"ix":6}},"ao":0,"shapes":[{"ty":"gr","it":[{"ind":0,"ty":"sh","ix":1,"ks":{"a":0,"k":{"i":[[388.511,0],[16.574,-1.168],[0,-348.861],[365.298,0],[116.983,104.573],[-216.77,0],[0,388.512]],"o":[[-16.871,0],[342.478,25.012],[0,365.298],[-169.257,0],[129.041,154.166],[388.511,0],[0,-388.51]],"v":[[-81.905,-703.461],[-132.071,-701.66],[480.492,-42.03],[-180.937,619.399],[-621.555,451.221],[-81.905,703.461],[621.555,0]],"c":true},"ix":2},"nm":"Path 1","mn":"ADBE Vector Shape - Group","hd":false},{"ty":"fl","c":{"a":0,"k":[0.325490196078,0.650980392157,0.894117706897,1],"ix":4},"o":{"a":0,"k":100,"ix":5},"r":1,"bm":0,"nm":"Fill 1","mn":"ADBE Vector Graphic - Fill","hd":false},{"ty":"tr","p":{"a":0,"k":[621.805,703.711],"ix":2},"a":{"a":0,"k":[0,0],"ix":1},"s":{"a":0,"k":[100,100],"ix":3},"r":{"a":0,"k":0,"ix":6},"o":{"a":0,"k":100,"ix":7},"sk":{"a":0,"k":0,"ix":4},"sa":{"a":0,"k":0,"ix":5},"nm":"Transform"}],"nm":"Group 1","np":2,"cix":2,"bm":0,"ix":1,"mn":"ADBE Vector Group","hd":false}],"ip":6,"op":1506,"st":6,"bm":0},{"ddd":1,"ind":3,"ty":4,"nm":"Layer 1 Outlines 3","sr":1,"ks":{"o":{"a":0,"k":100,"ix":11},"rx":{"a":0,"k":-73,"ix":8},"ry":{"a":0,"k":0,"ix":9},"rz":{"a":1,"k":[{"i":{"x":[0.833],"y":[0.833]},"o":{"x":[0.167],"y":[0.167]},"t":-43,"s":[0]},{"t":-28,"s":[-360]}],"ix":10,"x":"var $bm_rt;\n$bm_rt = loopOut();"},"or":{"a":0,"k":[0,0,0],"ix":7},"p":{"a":0,"k":[977.136,515.528,0],"ix":2},"a":{"a":0,"k":[621.805,702.041,0],"ix":1},"s":{"a":0,"k":[49,49,49],"ix":6}},"ao":0,"shapes":[{"ty":"gr","it":[{"ind":0,"ty":"sh","ix":1,"ks":{"a":0,"k":{"i":[[388.511,0],[16.574,-1.168],[0,-348.861],[365.298,0],[116.983,104.573],[-216.77,0],[0,388.512]],"o":[[-16.871,0],[342.478,25.012],[0,365.298],[-169.257,0],[129.041,154.166],[388.511,0],[0,-388.51]],"v":[[-81.905,-703.461],[-132.071,-701.66],[480.492,-42.03],[-180.937,619.399],[-621.555,451.221],[-81.905,703.461],[621.555,0]],"c":true},"ix":2},"nm":"Path 1","mn":"ADBE Vector Shape - Group","hd":false},{"ty":"fl","c":{"a":0,"k":[0.325490196078,0.650980392157,0.894117706897,1],"ix":4},"o":{"a":0,"k":100,"ix":5},"r":1,"bm":0,"nm":"Fill 1","mn":"ADBE Vector Graphic - Fill","hd":false},{"ty":"tr","p":{"a":0,"k":[621.805,703.711],"ix":2},"a":{"a":0,"k":[0,0],"ix":1},"s":{"a":0,"k":[100,100],"ix":3},"r":{"a":0,"k":0,"ix":6},"o":{"a":0,"k":100,"ix":7},"sk":{"a":0,"k":0,"ix":4},"sa":{"a":0,"k":0,"ix":5},"nm":"Transform"}],"nm":"Group 1","np":2,"cix":2,"bm":0,"ix":1,"mn":"ADBE Vector Group","hd":false}],"ip":-67,"op":1433,"st":-67,"bm":0},{"ddd":1,"ind":4,"ty":4,"nm":"Layer 1 Outlines 7","sr":1,"ks":{"o":{"a":0,"k":100,"ix":11},"rx":{"a":0,"k":-73,"ix":8},"ry":{"a":0,"k":0,"ix":9},"rz":{"a":1,"k":[{"i":{"x":[0.833],"y":[0.833]},"o":{"x":[0.167],"y":[0.167]},"t":11,"s":[0]},{"t":26,"s":[-360]}],"ix":10,"x":"var $bm_rt;\n$bm_rt = loopOut();"},"or":{"a":0,"k":[0,0,0],"ix":7},"p":{"a":0,"k":[977.136,711.86,0],"ix":2},"a":{"a":0,"k":[621.805,702.041,0],"ix":1},"s":{"a":0,"k":[28,28,28],"ix":6}},"ao":0,"shapes":[{"ty":"gr","it":[{"ind":0,"ty":"sh","ix":1,"ks":{"a":0,"k":{"i":[[388.511,0],[16.574,-1.168],[0,-348.861],[365.298,0],[116.983,104.573],[-216.77,0],[0,388.512]],"o":[[-16.871,0],[342.478,25.012],[0,365.298],[-169.257,0],[129.041,154.166],[388.511,0],[0,-388.51]],"v":[[-81.905,-703.461],[-132.071,-701.66],[480.492,-42.03],[-180.937,619.399],[-621.555,451.221],[-81.905,703.461],[621.555,0]],"c":true},"ix":2},"nm":"Path 1","mn":"ADBE Vector Shape - Group","hd":false},{"ty":"fl","c":{"a":0,"k":[0.325490196078,0.650980392157,0.894117706897,1],"ix":4},"o":{"a":0,"k":100,"ix":5},"r":1,"bm":0,"nm":"Fill 1","mn":"ADBE Vector Graphic - Fill","hd":false},{"ty":"tr","p":{"a":0,"k":[621.805,703.711],"ix":2},"a":{"a":0,"k":[0,0],"ix":1},"s":{"a":0,"k":[100,100],"ix":3},"r":{"a":0,"k":0,"ix":6},"o":{"a":0,"k":100,"ix":7},"sk":{"a":0,"k":0,"ix":4},"sa":{"a":0,"k":0,"ix":5},"nm":"Transform"}],"nm":"Group 1","np":2,"cix":2,"bm":0,"ix":1,"mn":"ADBE Vector Group","hd":false}],"ip":-13,"op":1487,"st":-13,"bm":0},{"ddd":1,"ind":5,"ty":4,"nm":"Layer 1 Outlines 4","sr":1,"ks":{"o":{"a":0,"k":100,"ix":11},"rx":{"a":0,"k":-73,"ix":8},"ry":{"a":0,"k":0,"ix":9},"rz":{"a":1,"k":[{"i":{"x":[0.833],"y":[0.833]},"o":{"x":[0.167],"y":[0.167]},"t":-1,"s":[0]},{"t":14,"s":[-360]}],"ix":10,"x":"var $bm_rt;\n$bm_rt = loopOut();"},"or":{"a":0,"k":[0,0,0],"ix":7},"p":{"a":0,"k":[977.136,637.528,0],"ix":2},"a":{"a":0,"k":[621.805,702.041,0],"ix":1},"s":{"a":0,"k":[43,43,43],"ix":6}},"ao":0,"shapes":[{"ty":"gr","it":[{"ind":0,"ty":"sh","ix":1,"ks":{"a":0,"k":{"i":[[388.511,0],[16.574,-1.168],[0,-348.861],[365.298,0],[116.983,104.573],[-216.77,0],[0,388.512]],"o":[[-16.871,0],[342.478,25.012],[0,365.298],[-169.257,0],[129.041,154.166],[388.511,0],[0,-388.51]],"v":[[-81.905,-703.461],[-132.071,-701.66],[480.492,-42.03],[-180.937,619.399],[-621.555,451.221],[-81.905,703.461],[621.555,0]],"c":true},"ix":2},"nm":"Path 1","mn":"ADBE Vector Shape - Group","hd":false},{"ty":"fl","c":{"a":0,"k":[0.325490196078,0.650980392157,0.894117706897,1],"ix":4},"o":{"a":0,"k":100,"ix":5},"r":1,"bm":0,"nm":"Fill 1","mn":"ADBE Vector Graphic - Fill","hd":false},{"ty":"tr","p":{"a":0,"k":[621.805,703.711],"ix":2},"a":{"a":0,"k":[0,0],"ix":1},"s":{"a":0,"k":[100,100],"ix":3},"r":{"a":0,"k":0,"ix":6},"o":{"a":0,"k":100,"ix":7},"sk":{"a":0,"k":0,"ix":4},"sa":{"a":0,"k":0,"ix":5},"nm":"Transform"}],"nm":"Group 1","np":2,"cix":2,"bm":0,"ix":1,"mn":"ADBE Vector Group","hd":false}],"ip":-25,"op":1475,"st":-25,"bm":0},{"ddd":1,"ind":6,"ty":4,"nm":"Layer 1 Outlines 6","sr":1,"ks":{"o":{"a":0,"k":100,"ix":11},"rx":{"a":0,"k":-73,"ix":8},"ry":{"a":0,"k":0,"ix":9},"rz":{"a":1,"k":[{"i":{"x":[0.833],"y":[0.833]},"o":{"x":[0.167],"y":[0.167]},"t":55,"s":[0]},{"t":70,"s":[-360]}],"ix":10,"x":"var $bm_rt;\n$bm_rt = loopOut();"},"or":{"a":0,"k":[0,0,0],"ix":7},"p":{"a":0,"k":[983.777,900.383,0],"ix":2},"a":{"a":0,"k":[621.805,702.041,0],"ix":1},"s":{"a":0,"k":[16,16,16],"ix":6}},"ao":0,"shapes":[{"ty":"gr","it":[{"ind":0,"ty":"sh","ix":1,"ks":{"a":0,"k":{"i":[[388.511,0],[16.574,-1.168],[0,-348.861],[365.298,0],[116.983,104.573],[-216.77,0],[0,388.512]],"o":[[-16.871,0],[342.478,25.012],[0,365.298],[-169.257,0],[129.041,154.166],[388.511,0],[0,-388.51]],"v":[[-81.905,-703.461],[-132.071,-701.66],[480.492,-42.03],[-180.937,619.399],[-621.555,451.221],[-81.905,703.461],[621.555,0]],"c":true},"ix":2},"nm":"Path 1","mn":"ADBE Vector Shape - Group","hd":false},{"ty":"fl","c":{"a":0,"k":[0.325490196078,0.650980392157,0.894117706897,1],"ix":4},"o":{"a":0,"k":100,"ix":5},"r":1,"bm":0,"nm":"Fill 1","mn":"ADBE Vector Graphic - Fill","hd":false},{"ty":"tr","p":{"a":0,"k":[621.805,703.711],"ix":2},"a":{"a":0,"k":[0,0],"ix":1},"s":{"a":0,"k":[100,100],"ix":3},"r":{"a":0,"k":0,"ix":6},"o":{"a":0,"k":100,"ix":7},"sk":{"a":0,"k":0,"ix":4},"sa":{"a":0,"k":0,"ix":5},"nm":"Transform"}],"nm":"Group 1","np":2,"cix":2,"bm":0,"ix":1,"mn":"ADBE Vector Group","hd":false}],"ip":31,"op":1531,"st":31,"bm":0},{"ddd":1,"ind":7,"ty":4,"nm":"Layer 1 Outlines 5","sr":1,"ks":{"o":{"a":0,"k":100,"ix":11},"rx":{"a":0,"k":-73,"ix":8},"ry":{"a":0,"k":0,"ix":9},"rz":{"a":1,"k":[{"i":{"x":[0.833],"y":[0.833]},"o":{"x":[0.167],"y":[0.167]},"t":-43,"s":[0]},{"t":-28,"s":[-360]}],"ix":10,"x":"var $bm_rt;\n$bm_rt = loopOut();"},"or":{"a":0,"k":[0,0,0],"ix":7},"p":{"a":0,"k":[947.136,763.528,0],"ix":2},"a":{"a":0,"k":[621.805,702.041,0],"ix":1},"s":{"a":0,"k":[20,20,20],"ix":6}},"ao":0,"shapes":[{"ty":"gr","it":[{"ind":0,"ty":"sh","ix":1,"ks":{"a":0,"k":{"i":[[388.511,0],[16.574,-1.168],[0,-348.861],[365.298,0],[116.983,104.573],[-216.77,0],[0,388.512]],"o":[[-16.871,0],[342.478,25.012],[0,365.298],[-169.257,0],[129.041,154.166],[388.511,0],[0,-388.51]],"v":[[-81.905,-703.461],[-132.071,-701.66],[480.492,-42.03],[-180.937,619.399],[-621.555,451.221],[-81.905,703.461],[621.555,0]],"c":true},"ix":2},"nm":"Path 1","mn":"ADBE Vector Shape - Group","hd":false},{"ty":"fl","c":{"a":0,"k":[0.325490196078,0.650980392157,0.894117706897,1],"ix":4},"o":{"a":0,"k":100,"ix":5},"r":1,"bm":0,"nm":"Fill 1","mn":"ADBE Vector Graphic - Fill","hd":false},{"ty":"tr","p":{"a":0,"k":[621.805,703.711],"ix":2},"a":{"a":0,"k":[0,0],"ix":1},"s":{"a":0,"k":[100,100],"ix":3},"r":{"a":0,"k":0,"ix":6},"o":{"a":0,"k":100,"ix":7},"sk":{"a":0,"k":0,"ix":4},"sa":{"a":0,"k":0,"ix":5},"nm":"Transform"}],"nm":"Group 1","np":2,"cix":2,"bm":0,"ix":1,"mn":"ADBE Vector Group","hd":false}],"ip":-67,"op":1433,"st":-67,"bm":0},{"ddd":1,"ind":11,"ty":4,"nm":"Swirl 6","sr":1,"ks":{"o":{"a":0,"k":100,"ix":11},"rx":{"a":0,"k":-73,"ix":8},"ry":{"a":0,"k":0,"ix":9},"rz":{"a":1,"k":[{"i":{"x":[0.833],"y":[0.833]},"o":{"x":[0.167],"y":[0.167]},"t":-7,"s":[0]},{"t":8,"s":[-360]}],"ix":10,"x":"var $bm_rt;\n$bm_rt = loopOut();"},"or":{"a":0,"k":[0,0,0],"ix":7},"p":{"a":0,"k":[945.103,828.682,0],"ix":2},"a":{"a":0,"k":[0,0,0],"ix":1},"s":{"a":0,"k":[37,37,37],"ix":6}},"ao":0,"shapes":[{"ty":"gr","it":[{"d":1,"ty":"el","s":{"a":0,"k":[598,576],"ix":2},"p":{"a":0,"k":[0,0],"ix":3},"nm":"Ellipse Path 1","mn":"ADBE Vector Shape - Ellipse","hd":false},{"ty":"st","c":{"a":0,"k":[0.325490196078,0.650980392157,0.894117647059,1],"ix":3},"o":{"a":0,"k":100,"ix":4},"w":{"a":0,"k":76,"ix":5},"lc":1,"lj":1,"ml":4,"bm":0,"nm":"Stroke 1","mn":"ADBE Vector Graphic - Stroke","hd":false},{"ty":"tr","p":{"a":0,"k":[9,58],"ix":2},"a":{"a":0,"k":[0,0],"ix":1},"s":{"a":0,"k":[100,100],"ix":3},"r":{"a":0,"k":0,"ix":6},"o":{"a":0,"k":100,"ix":7},"sk":{"a":0,"k":0,"ix":4},"sa":{"a":0,"k":0,"ix":5},"nm":"Transform"}],"nm":"Ellipse 1","np":3,"cix":2,"bm":0,"ix":1,"mn":"ADBE Vector Group","hd":false},{"ty":"tm","s":{"a":0,"k":0,"ix":1},"e":{"a":0,"k":65,"ix":2},"o":{"a":0,"k":0,"ix":3},"m":1,"ix":2,"nm":"Trim Paths 1","mn":"ADBE Vector Filter - Trim","hd":false}],"ip":-7,"op":4243,"st":-7,"bm":0}],"markers":[]}